{"categories":[

    {
        "name": "Blonde",
        "beers": [
            {
                "name": "Brewdog Trashy Blonde",
                "price": 3.8
            },
            {
                "name": "Brigand",
                "price": 3.3
            },
            {
                "name": "Brugse Zot",
                "price": 3
            },
            {
                "name": "Christoffel Blond",
                "price": 3
            },
            {
                "name": "Eem Bitter",
                "price": 3.3
            },
            {
                "name": "Eem Blond",
                "price": 3.3
            },
            {
                "name": "Duvel",
                "price": 3
            },
            {
                "name": "Emelisse Blond",
                "price": 3.8
            },
            {
                "name": "St. Feuillien Blond",
                "price": 3.6
            },
            {
                "name": "Floreffe Blond",
                "price": 3
            },
            {
                "name": "Gouden Carolus Hopsinjoor",
                "price": 3.8
            },
            {
                "name": "Grimbergen Blond",
                "price": 3
            },
            {
                "name": "Hoegaarden Grand Cru",
                "price": 3.8
            },
            {
                "name": "Hopus",
                "price": 3.8
            },
            {
                "name": "Jopen Hoppenbier",
                "price": 3.2
            },
            {
                "name": "Kasteel Blond",
                "price": 3
            },
            {
                "name": "La Chouffe",
                "price": 3.2
            },
            {
                "name": "La Trappe Blond",
                "price": 3
            },
            {
                "name": "Leffe Blond",
                "price": 2.5
            },
            {
                "name": "Maredsous Blond",
                "price": 3
            }
        ]
    },
    {
        "name": "Dubbel",
        "beers": [
            {
                "name": "Achel Brune",
                "price": 3.8
            },
            {
                "name": "Chimay Rood",
                "price": 3.3
            },
            {
                "name": "Corsendonk Pater",
                "price": 3.3
            },
            {
                "name": "Eem Donker",
                "price": 3.3
            },
            {
                "name": "Schelde Brouwerij Dulle Griet",
                "price": 3.3
            },
            {
                "name": "Floreffe Brune",
                "price": 3.3
            },
            {
                "name": "Gouden Carolus Classic",
                "price": 3.3
            },
            {
                "name": "Grimbergen Dubbel",
                "price": 3.3
            },
            {
                "name": "Kasteel Brune",
                "price": 3.8
            },
            {
                "name": "La Trappe Dubbel",
                "price": 3.3
            },
            {
                "name": "Leffe Dubbel",
                "price": 3.3
            },
            {
                "name": "Maredsous Dubbel",
                "price": 3.3
            },
            {
                "name": "Chouffe Mc",
                "price": 3.3
            },
            {
                "name": "Brouwerij t'IJ Natte",
                "price": 3.3
            },
            {
                "name": "Rochefort 6",
                "price": 4
            },
            {
                "name": "St. Bernardus Pater 6",
                "price": 3
            },
            {
                "name": "St. Bernardus Prior 8",
                "price": 3.3
            },
            {
                "name": "St. Feuillien Brune",
                "price": 3.6
            },
            {
                "name": "Val Dieu Brune",
                "price": 3.6
            },
            {
                "name": "Westmalle Dubbel",
                "price": 3.3
            }
        ]
    },
    {
        "name": "Tripel",
        "beers": [
            {
                "name": "Achel Blond",
                "price": 3.8
            },
            {
                "name": "St. Bernardus Tripel",
                "price": 3.8
            },
            {
                "name": "Chimay Wit",
                "price": 3.8
            },
            {
                "name": "Christoffel Nobel",
                "price": 3.8
            },
            {
                "name": "Corsendonk Agnus",
                "price": 3.2
            },
            {
                "name": "Delerium Tremens",
                "price": 3.8
            },
            {
                "name": "Deugniet",
                "price": 3
            },
            {
                "name": "Floreffe Tripel",
                "price": 3.8
            },
            {
                "name": "St. Feuillien Tripel",
                "price": 3.8
            },
            {
                "name": "Gouden Carolus Tripel",
                "price": 3.8
            },
            {
                "name": "Grimbergen Tripel",
                "price": 3.8
            },
            {
                "name": "Guldenberg",
                "price": 3.8
            },
            {
                "name": "Brouwerij t'IJ Zatte",
                "price": 3.8
            },
            {
                "name": "Brouwerij t'IJ Columbus",
                "price": 3.8
            },
            {
                "name": "Jopen Trinitas",
                "price": 3.8
            },
            {
                "name": "Karmeliet Tripel",
                "price": 3.8
            },
            {
                "name": "Kasteel Tripel",
                "price": 3.8
            },
            {
                "name": "La Trappe Tripel",
                "price": 3.8
            },
            {
                "name": "Leffe Tripel",
                "price": 3.8
            },
            {
                "name": "Lucifer",
                "price": 3.8
            }
        ]
    },
    {
        "name": "Barley Wines",
        "beers": [
            {
                "name": "St. Bernardus Abt",
                "price": 4.2
            },
            {
                "name": "Chimay Blauw",
                "price": 4.2
            },
            {
                "name": "Delerium Nocturnum",
                "price": 3.8
            },
            {
                "name": "Floreffe Prima Melior",
                "price": 3.8
            },
            {
                "name": "Grimbergen Optimo Bruno",
                "price": 4.2
            },
            {
                "name": "Gulden Draak",
                "price": 3.8
            },
            {
                "name": "Hertog Jan Grand Prestige",
                "price": 3.8
            },
            {
                "name": "Brouwerij t'IJ Struis",
                "price": 3.8
            },
            {
                "name": "Jopen Koyt",
                "price": 3.8
            },
            {
                "name": "La Trappe Quadrupel",
                "price": 4.2
            },
            {
                "name": "Prael Willy",
                "price": 3.6
            },
            {
                "name": "Rochefort 8",
                "price": 4.2
            },
            {
                "name": "Rochefort 10",
                "price": 4.4
            },
            {
                "name": "Straffe Hendrik Quadrupel",
                "price": 4.2
            },
            {
                "name": "Westvleteren 8",
                "price": 9
            },
            {
                "name": "Westvleteren 12",
                "price": 10
            }
        ]
    },
    {
        "name": "Whites",
        "beers": [
            {
                "name": "Christoffel Wijs",
                "price": 3.3
            },
            {
                "name": "Hertog Jan Weizener",
                "price": 2.8
            },
            {
                "name": "Hoegaarden Rose",
                "price": 2.8
            },
            {
                "name": "Hoegaarden Wit",
                "price": 2.5
            },
            {
                "name": "Korenwolf",
                "price": 2.8
            },
            {
                "name": "La Trappe Witte Trappist",
                "price": 2.8
            },
            {
                "name": "Vedett Wit",
                "price": 3
            },
            {
                "name": "Weihenstephan .33 Liter",
                "price": 2.8
            },
            {
                "name": " 1/2 Liter",
                "price": 4.4
            }
        ]
    },
    {
        "name": "Amber",
        "beers": [
            {
                "name": "Dikke Mathile",
                "price": 3
            },
            {
                "name": "Kilkenny",
                "price": 3
            },
            {
                "name": "Koninck",
                "price": 2.8
            },
            {
                "name": "La Trappe Isid'Or",
                "price": 3.8
            },
            {
                "name": "Leffe Radieuse",
                "price": 3.8
            },
            {
                "name": "Palm",
                "price": 2.8
            },
            {
                "name": "Pauwel Kwak",
                "price": 3.8
            }
        ]
    },
    {
        "name": "Kriek/Geuze",
        "beers": [
            {
                "name": "Bacchus Kriek",
                "price": 4.5
            },
            {
                "name": "Bacchus Frambozen",
                "price": 4.5
            },
            {
                "name": "Belle Vue Kriek",
                "price": 2.8
            },
            {
                "name": "Belle Vue Geuze",
                "price": 2.8
            },
            {
                "name": "Boon Kriek",
                "price": 4.2
            },
            {
                "name": "Boon Oude Geuze",
                "price": 4.2
            },
            {
                "name": "Boon Geuze Mariage Parfait",
                "price": 6
            },
            {
                "name": "Boon Oude Kriek",
                "price": 6
            },
            {
                "name": "Kasteel Rouge",
                "price": 3.3
            },
            {
                "name": "Liefmans Kriek",
                "price": 4.5
            }
        ]
    },
    {
        "name": "IPA",
        "beers": [
            {
                "name": "Anderson Valley Hop Ottin' IPA",
                "price": 4
            },
            {
                "name": "Anderson Valley Imperial IPA",
                "price": 4.6
            },
            {
                "name": "Brewdog Punk IPA",
                "price": 4.3
            },
            {
                "name": "Brewdog Hardcore IPA",
                "price": 5
            },
            {
                "name": "Chouffe Houblon",
                "price": 3.8
            },
            {
                "name": "Eem Tasty Lady",
                "price": 3.3
            },
            {
                "name": "Emelisse Black IPA",
                "price": 4.3
            },
            {
                "name": "Emelisse Double IPA",
                "price": 4.3
            },
            {
                "name": "Emelisse Tripel IPA",
                "price": 4.6
            },
            {
                "name": "Flying Dog Snake Dog",
                "price": 4
            },
            {
                "name": "Flying Dog Raging Bitch",
                "price": 4.3
            }
        ]
    },
    {
        "name": "Stouts",
        "beers": [
            {
                "name": "Anderson Valley Oatmeal Stout",
                "price": 4
            },
            {
                "name": "Brewdog Riptide",
                "price": 4.6
            },
            {
                "name": "Brewdog Tokyo",
                "price": 13
            },
            {
                "name": "Emelisse Espresso Stout",
                "price": 5
            },
            {
                "name": "Guinness Stout - .25 Liter",
                "price": 2.5
            },
            {
                "name": " Stout - 1/2 Liter",
                "price": 4.6
            },
            {
                "name": "Jopen Stout",
                "price": 3.3
            },
            {
                "name": "Left Hand Milk Stout",
                "price": 3.8
            },
            {
                "name": "Left Hand Fade to Black",
                "price": 4.3
            },
            {
                "name": "Schelde Brouwerij Oesterstout",
                "price": 3.8
            }
        ]
    },
    {
        "name": "Other",
        "beers": [
            {
                "name": "Dommelsch Oud Bruin",
                "price": 2.2
            },
            {
                "name": "Duchesse de Bourgogne",
                "price": 3
            },
            {
                "name": "Emelisse Rauchbier",
                "price": 4.3
            },
            {
                "name": "Flying Dog Gonzo Imperial Porter",
                "price": 4.6
            },
            {
                "name": "Liefmans Goudenband",
                "price": 4.5
            },
            {
                "name": "Rodenbach",
                "price": 3
            },
            {
                "name": "Corona",
                "price": 3.5
            },
            {
                "name": "Desperados",
                "price": 3.5
            },
            {
                "name": "Hertog Jan Pilsner",
                "price": 2.2
            },
            {
                "name": "Pilsner Urquell",
                "price": 2.8
            },
            {
                "name": "Vedett Extra Blond",
                "price": 3
            },
            {
                "name": "Crumpton Oaks (.5L) Cider",
                "price": 5
            },
            {
                "name": "Magners Cider",
                "price": 3.5
            },
            {
                "name": "Strongbow Cider",
                "price": 3
            }
        ]
    }]
}